Company,Date,PDF url,location,jobs
Maui Seaside Hotel,"January 16, 2019",https://labor.hawaii.gov/wdc/files/2019/08/01.16.19-WARN-Maui-Seaside-Hotel.pdf,,
Kai Management Services,"January 23, 2019",https://labor.hawaii.gov/wdc/files/2019/08/01.23.19-WARN-Kai-Management-Services.pdf,,
Payless Shoesource,"February 25, 2019",https://labor.hawaii.gov/wdc/files/2019/08/02.25.19-WARN-Payless-Shoesource.pdf,,
Tony Hawaii Automotive Group,"February 28, 2019",https://labor.hawaii.gov/wdc/files/2019/08/02.28.19-WARN-Tony-Hawaii-Automotive-Group.pdf,,
General Dynamics Information Technology,"March 1, 2019",https://labor.hawaii.gov/wdc/files/2019/08/03.01.19-WARN-General-Dynamics-Information-Technology.pdf,,
St. Francis School,"March 6, 2019",https://labor.hawaii.gov/wdc/files/2019/08/03.06.19-WARN-St-Francis-School.pdf,,
Tesla,"March 6, 2019",https://labor.hawaii.gov/wdc/files/2019/08/03.06.19-WARN-Tesla.pdf,,
Servco Delivery Services,"April 15, 2019",https://labor.hawaii.gov/wdc/files/2019/08/04.15.19-WARN-Servco-Delivery-Services.pdf,,
Shenandoah Growers,"April 22, 2019",https://labor.hawaii.gov/wdc/files/2019/08/04.22.19-WARN-Shenandoah-Growers.pdf,,
Homestreet Bank,"April 29, 2019",https://labor.hawaii.gov/wdc/files/2019/08/04.29.19-WARN-Homestreet-Bank.pdf,,
Na Kahu Malama Nurses,"May 20, 2019",https://labor.hawaii.gov/wdc/files/2019/08/05.20.19-WARN-Na-Kahu-Malama-Nurses.pdf,,
Watanabe Bakery LLC,"June 19, 2019",https://labor.hawaii.gov/wdc/files/2019/08/06.19.19-WARN-Watanabe-Bakery-LLC.pdf,,
SW Hotels and Resorts,"July 31, 2019",https://labor.hawaii.gov/wdc/files/2019/08/07.31.19-WARN-SW-Hotels-and-Resorts.pdf,,
Servco Pacific Inc.,"September 17, 2019",https://labor.hawaii.gov/wdc/files/2019/10/09.17.19-WARN-Servco-Pacific-Inc.pdf,,
Pyramid Insurance Centre Ltd.,"September 30, 2019",https://labor.hawaii.gov/wdc/files/2019/10/09.30.19-WARN-Pyramid-Insurance-Centre-Ltd.pdf,,
Cerner Corporation,"October 1, 2019",https://labor.hawaii.gov/wdc/files/2019/10/10.01.19-WARN-Cerner-Corporation.pdf,,
BAE Systems,"October 16, 2019",https://labor.hawaii.gov/wdc/files/2019/10/10.16.19-WARN-BAE-Systems.pdf,,
Honolulu Academy of Art,"October 17, 2019",https://labor.hawaii.gov/wdc/files/2019/10/10.17.2019-WARN-Honolulu-Museum-of-Art.pdf,,
Papa Johns ,"October 22, 2019",https://labor.hawaii.gov/wdc/files/2019/10/10.22.2019-WARN-Papa-Johns.pdf,,
Blue River Mexican Grill,"October 22, 2019",https://labor.hawaii.gov/wdc/files/2019/10/10.22.2019-WARN-Blue-River-Mexican-Grill.pdf,,
Pahio at Kauai Beach Villas Interval Owners Association dba Kauai Beach Villas,"October 29, 2019",https://labor.hawaii.gov/wdc/files/2019/10/10.29.2019-WARN-Pahio-at-Kauai-Beach-Villas-Interval-Owners-Association-dba-Kauai-Beach-Villas.pdf,,
Legacy Hilo Rehabilitation and Nursing Center,"October 31, 2019",https://labor.hawaii.gov/wdc/files/2019/11/10.31.2019-WARN-Legacy-Hilo-Rehabilitation-and-Nursing-Center.pdf,,
"FastLube, Inc.","November 21, 2019",https://labor.hawaii.gov/wdc/files/2019/11/11.21.2019-WARN-FastLube-Inc.pdf,,
"Desert Island Restaurant, LLC","December 11, 2019",https://labor.hawaii.gov/wdc/files/2019/12/12.11.2019-WARN-Desert-Island-Restaurants-LLC.pdf,,
Pier 1,"December 18, 2019",https://labor.hawaii.gov/wdc/files/2019/12/12.18.2019-WARN-Pier-1.pdf,,
Bubba Gump Shrimp Co. Restaurant & Mai Tai Bar,"December 30, 2019",https://labor.hawaii.gov/wdc/files/2019/12/12.30.2019-WARN-Bubba-Gump-Shrimp-Co.-Restaurant-Mai-Tai-Bar.pdf,,
Adventist Health Castle,"January 9, 2020",https://labor.hawaii.gov/wdc/files/2020/01/WARN-2020.01.09-Adventist-Health-Castle.pdf,,
"Updated Bubba Gump Shrimp Co., Restaurants Inc.","January 10, 2020",https://labor.hawaii.gov/wdc/files/2020/01/WARN-2020.01.10-UPDATED-Bubba-Gump-Shrimp-Co.-Restaurants-Inc..pdf,,
GP/RM Prestress LLC,"January 21, 2020",https://labor.hawaii.gov/wdc/files/2020/01/WARN-2020.01.21-GPRM-Prestress-LLC.pdf,,
Island Equipment dba American Machinery,"January 27, 2020",https://labor.hawaii.gov/wdc/files/2020/01/WARN-2020.01.27-Island-Equipment-dba-American-Machinery.pdf,,
Brue Bar and HonBlue,"January 28, 2020",https://labor.hawaii.gov/wdc/files/2020/01/WARN-2020.01.28-Brue-Bar-and-HonBlue.pdf,,
Armstrong Building Maintenance & Supplies of Hawaii Inc.,"January 28, 2020",https://labor.hawaii.gov/wdc/files/2020/01/WARN-2020.01.28-Armstrong-Building-Maintenance-and-Supplies-of-Hawaii-Inc.pdf,,
Oakwood Worldwide (US) LP,"January 30, 2020",https://labor.hawaii.gov/wdc/files/2020/01/WARN-2020.01.30-Oakwood-Worldwide-US-LP.pdf,,
Shokudo Japanese LLC & Buho Waikiki LLC,"January 31, 2020",https://labor.hawaii.gov/wdc/files/2020/02/WARN-2020.01.31-Shokudo-Japanese-LLC-Buho-Waikiki-LLC.pdf,,
Waitr and Bite Squad,"February 10, 2020",https://labor.hawaii.gov/wdc/files/2020/02/WARN-2020.02.10-Waitr-Bite-Squad.pdf,,
Sheraton Kona Resort & Spa at Keauhou Bay,"February 11, 2020",https://labor.hawaii.gov/wdc/files/2020/02/WARN-2020.02.11-Sheraton-Kona-Resort-Spa-at-Keauhou-Bay.pdf,,
"SOF XI Kauai PV Hotel, L.P. dba Princeville Resort","February 20, 2020",https://labor.hawaii.gov/wdc/files/2020/02/WARN-2020.02.20-SOF-XI-Kauai-PV-Hotel-LP-dba-Princeville-Resort.pdf,,
"* Princeville Resort updated March 24, 2020","* Princeville Resort updated March 24, 2020",https://labor.hawaii.gov/wdc/files/2020/03/WARN-2020.03.24-Princeville-Resort-Kauai.pdf,,
Herringbone Waikiki Restaurant,"March 18, 2020",https://labor.hawaii.gov/wdc/files/2020/03/WARN-2020.03.18-Herringbone-Waikiki-Restaurant.pdf,,
G. Lion Hawaii,"March 23, 2020",https://labor.hawaii.gov/wdc/files/2020/05/WARN-2020.03.23-G.-Lion-Hawaii_redacted.pdf,,
HMSHost Daniel K. Inouye International Airport,"March 23, 2020",https://labor.hawaii.gov/wdc/files/2020/05/WARN-2020.03.23-HMSHost-Daniel-K.-Inouye-Interantional-Airport_redacted.pdf,,
HMSHost Kauai Airport,"March 23, 2020",https://labor.hawaii.gov/wdc/files/2020/05/WARN-2020.03.23-HMSHost-Kauai-Airport_redacted.pdf,,
HMSHost Maui Airport,"March 23, 2020",https://labor.hawaii.gov/wdc/files/2020/05/WARN-2020.03.23-HMSHost-Maui-Airport_redacted.pdf,,
Hy’s Steak House,"March 23, 2020",https://labor.hawaii.gov/wdc/files/2020/05/WARN-2020.03.23-Hys-Steak-House_redacted.pdf,,
Mauna Lani,"March 23, 2020",https://labor.hawaii.gov/wdc/files/2020/03/WARN-2020.03.23-Mauna-Lani.pdf,,
Polynesian Adventure Tours LLC,"March 24, 2020",https://labor.hawaii.gov/wdc/files/2020/03/WARN-2020.03.24-Polynesian-Adventure-Tours-LLC.pdf,,
Hilton Waikiki Beach & MAC 24/7 Restaurant,"March 25, 2020",https://labor.hawaii.gov/wdc/files/2020/05/WARN-2020.03.25-Hilton-Waikiki-Beach-MAC-24_7-Restaurant_redacted.pdf,,
Outrigger Hotels Hawaii,"March 26, 2020",https://labor.hawaii.gov/wdc/files/2020/03/WARN-2020.03.26-Outrigger-Hotels-Hawaii.pdf,,
Alohilani Resort Waikiki Beach,"March 26, 2020",https://labor.hawaii.gov/wdc/files/2020/03/WARN-2020.03.26-Alohilani-Resort-Waikiki-Beach.pdf,,
Ambassador Hotel Waikiki,"March 26, 2020",https://labor.hawaii.gov/wdc/files/2020/03/WARN-2020.03.26-Ambassador-Hotel-Waikiki.pdf,,
Aston Waikiki Beach,"March 26, 2020",https://labor.hawaii.gov/wdc/files/2020/03/WARN-2020.03.26-Aston-Waikiki-Beach.pdf,,
Courtyard by Marriot Waikiki,"March 26, 2020",https://labor.hawaii.gov/wdc/files/2020/03/WARN-2020.03.26-Courtyard-by-Marriot-Waikiki.pdf,,
Park Shore Waikiki Beach,"March 26, 2020",https://labor.hawaii.gov/wdc/files/2020/03/WARN-2020.03.26-Park-Shore-Waikiki-Beach.pdf,,
Four Seasons Resort Oahu,"March 27, 2020",https://labor.hawaii.gov/wdc/files/2020/03/WARN-2020.03.27-Four-Seasons-Resort-Oahu.pdf,,
Hilton Waikiki,"March 27, 2020",https://labor.hawaii.gov/wdc/files/2020/05/WARN-2020.03.27-Hilton-Waikiki_redacted.pdf,,
Queen Kapiolani Hotel Waikiki Beach,"March 27, 2020",https://labor.hawaii.gov/wdc/files/2020/03/WARN-2020.03.27-Queen-Kapiolani-Hotel-Wakiki-Beach.pdf,,
Travaasa Hana Hotel,"March 27, 2020",https://labor.hawaii.gov/wdc/files/2020/03/WARN-2020.03.27-Travaasa-Hana-Hotel.pdf,,
Arancino at The Kahala,"March 30, 2020",https://labor.hawaii.gov/wdc/files/2020/03/WARN-2020.03.30-Arancino-at-The-Kahala.pdf,,
Arancino di Mare,"March 30, 2020",https://labor.hawaii.gov/wdc/files/2020/03/WARN-2020.03.30-Arancino-di-Mare.pdf,,
California Pizza Kitchen,"March 30, 2020",https://labor.hawaii.gov/wdc/files/2020/03/WARN-2020.03.30-California-Pizza-Kitchen.pdf,,
Islands Restaurants,"March 30, 2020",https://labor.hawaii.gov/wdc/files/2020/03/WARN-2020.03.30-Islands-Restaurants.pdf,,
Turtle Bay Resort,"March 30, 2020",https://labor.hawaii.gov/wdc/files/2020/03/WARN-2020.03.30-Turtle-Bay-Resort.pdf,,
Kobayashi Sugita & Goda LLP,"March 31, 2020",https://labor.hawaii.gov/wdc/files/2023/01/March-31-2020-Kobayashi-Sugita-Goda-LLP.pdf,,
Luana Hospitality Group,"March 31, 2020",https://labor.hawaii.gov/wdc/files/2020/05/WARN-2020.03.31-Luana-Hospitality-Group_redacted.pdf,,
Meadow Gold Dairies Honolulu,"March 31, 2020",https://labor.hawaii.gov/wdc/files/2020/03/WARN-2020.03.31-Meadow-Gold-Dairies-Honolulu.pdf,,
Meadow Gold Dairies Kailua-Kona,"March 31, 2020",https://labor.hawaii.gov/wdc/files/2020/03/WARN-2020.03.31-Meadow-Gold-Dairies-Kailua-Kona.pdf,,
Meadow Gold Dairies Lihue,"March 31, 2020",https://labor.hawaii.gov/wdc/files/2020/03/WARN-2020.03.31-Meadow-Gold-Dairies-Lihue.pdf,,
Meadow Gold Dairies Maui,"March 31, 2020",https://labor.hawaii.gov/wdc/files/2020/03/WARN-2020.03.31-Meadow-Gold-Dairies-Maui.pdf,,
OneSpaWorld,"March 31, 2020",https://labor.hawaii.gov/wdc/files/2020/03/WARN-2020.03.31-OneSpaWorld.pdf,,
"Soleil Management Hawaii, LLC (Kihei)","March 31, 2020",https://labor.hawaii.gov/wdc/files/2020/03/WARN-2020.03.30-Soleil-Management-Hawaii-LLC-Kihei.pdf,,
"Soleil Management Hawaii, LLC (Lahaina)","March 31, 2020",https://labor.hawaii.gov/wdc/files/2020/03/WARN-2020.03.30-Soleil-Management-Hawaii-LLC-Lahaina.pdf,,
"MetaCoastal, LLC","March 31, 2020",https://labor.hawaii.gov/wdc/files/2020/03/WARN-2020.03.31-MetaCoastal-LLC.pdf,,
Elite Parking Services LLC,"March 31, 2020",https://labor.hawaii.gov/wdc/files/2020/04/WARN-2020.03.31-Elite-Parking-Services-LLC.pdf,,
Irongate Azrep BW LLC dba Trump International Hotel Waikiki,"March 31, 2020",https://labor.hawaii.gov/wdc/files/2020/04/WARN-2020.03.31-Irongate-Azrep-BW-LLC-dba-Trump-International-Hotel-Waikiki.pdf,,
TEG Hotel LLC,"April 1, 2020",https://labor.hawaii.gov/wdc/files/2020/04/WARN-2020.04.01-TEG-Hotel-LLC.pdf,,
Y. Hata & Co. Ltd.,"April 1, 2020",https://labor.hawaii.gov/wdc/files/2020/04/WARN-2020.04.01-Y.-Hata-Co.-Ltd.pdf,,
Grand Naniloa Resort,"April 6, 2020",https://labor.hawaii.gov/wdc/files/2020/04/WARN-2020.04.06-Grand-Naniloa-Resort.pdf,,
JTB Hawaii Inc. ,"April 6, 2020",https://labor.hawaii.gov/wdc/files/2020/04/WARN-2020.04.06-JTB-Hawaii-Inc.pdf,,
"*JTB Hawaii, Inc. Supplement October 30, 2020","*JTB Hawaii, Inc. Supplement October 30, 2020",https://labor.hawaii.gov/wdc/files/2020/11/WARN-2020.11.02-JTB-Hawaii-Inc.pdf,,
Kyoya Ohana LLC,"April 6, 2020",https://labor.hawaii.gov/wdc/files/2020/04/WARN-2020.04.06-Kyoya-Ohana-LLC.pdf,,
No Ka Oi,"April 6, 2020",https://labor.hawaii.gov/wdc/files/2020/04/WARN-2020.04.06-No-Ka-Oi.pdf,,
The Club at Kukui’ula,"April 6, 2020",https://labor.hawaii.gov/wdc/files/2020/04/WARN-2020.04.06-The-Club-at-Kukuiula.pdf,,
Wailea Golf LLC,"April 6, 2020",https://labor.hawaii.gov/wdc/files/2020/04/WARN-2020.04.06-Wailea-Golf-LLC.pdf,,
Arancino Beachwalk,"April 9, 2020",https://labor.hawaii.gov/wdc/files/2023/01/April-9-2020-Arancino-Beachwalk.pdf,,
Adventist Health Castle,"April 13, 2020",https://labor.hawaii.gov/wdc/files/2020/04/WARN-2020.04.13-Adventist-Heatlh-Castle.pdf,,
Aha Punana Leo,"April 13, 2020",https://labor.hawaii.gov/wdc/files/2020/04/WARN-2020.04.13-Aha-Punana-Leo.pdf,,
Koa Kea Operations LLC,"April 13, 2020",https://labor.hawaii.gov/wdc/files/2020/04/WARN-2020.04.13-Koa-Kea-Operations-LLC.pdf,,
Meadow Gold Dairies,"April 13, 2020",https://labor.hawaii.gov/wdc/files/2020/04/WARN-2020.04.13-Meadow-Gold-Dairies.pdf,,
UFC Gym,"April 13, 2020",https://labor.hawaii.gov/wdc/files/2020/04/WARN-2020.04.13-UFC-Gym.pdf,,
Meadow Gold Dairies Hawaii Honolulu,"April 15, 2020",https://labor.hawaii.gov/wdc/files/2020/04/WARN-2020.04.15-Meadow-Gold-Dairies-Hawaii-Honolulu.pdf,,
Sheraton Kona Resort and Spa at Keahou Bay – Updated,"April 15, 2020",https://labor.hawaii.gov/wdc/files/2020/04/WARN-2020.04.15-Sheraton-Kona-Resort-and-Spa-at-Keahou-Bay-Updated.pdf,,
Pleasant Holidays,"April 16, 2020",https://labor.hawaii.gov/wdc/files/2020/04/WARN-2020.04.16-Pleasant-Holidays.pdf,,
Wyndham Vacation Ownership Inc.,"April 20, 2020",https://labor.hawaii.gov/wdc/files/2020/04/WARN-2020.04.20-Wyndham-Vacation-Ownership-Inc.pdf,,
Adventist Health Castle,"April 27, 2020",https://labor.hawaii.gov/wdc/files/2020/04/WARN-2020.04.27-Adventist-Health-Castle.pdf,,
Buca di Beppo,"April 27, 2020",https://labor.hawaii.gov/wdc/files/2020/04/WARN-2020.04.27-Buca-di-Beppo.pdf,,
Enterprise Holdings,"April 27, 2020",https://labor.hawaii.gov/wdc/files/2020/04/WARN-2020.04.27-Enterprise-Holdings.pdf,,
Hard Rock Cafe International STP,"April 27, 2020",https://labor.hawaii.gov/wdc/files/2020/04/WARN-2020.04.27-Hard-Rock-Cafe-International-STP-Inc.pdf,,
Nico’s Upstairs Steak & Seafood ,"April 27, 2020",https://labor.hawaii.gov/wdc/files/2020/04/WARN-2020.04.27-Nicos-Upstairs-Steak-Seafood.pdf,,
Enterprise Holdings,"April 27, 2020",https://labor.hawaii.gov/wdc/files/2020/04/WARN-2020.04.28-Enterprise-Holdings.pdf,,
"Finest Food Company, Inc.","May 1, 2020",https://labor.hawaii.gov/wdc/files/2020/05/WARN-2020.05.01-Finest-Food-Company-Inc.pdf,,
"Flying Food Group, LLC","May 1, 2020",https://labor.hawaii.gov/wdc/files/2020/05/WARN-2020.05.01-Flying-Food-Group-LLC.pdf,,
Prince Resorts Hawaii and Prince Waikiki,"May 4, 2020",https://labor.hawaii.gov/wdc/files/2020/05/WARN-2020.05.04-Price-Resorts-Hawaii-and-Price-Wakiki.pdf,,
Servco Home & Appliance Distribution Division,"May 4, 2020",https://labor.hawaii.gov/wdc/files/2020/05/WARN-2020.05.04-Servco-Home-Appliance-Distribution-Division.pdf,,
The Hertz Corporation,"May 4, 2020",https://labor.hawaii.gov/wdc/files/2020/05/WARN-2020.05.04-The-Hertz-Corporation.pdf,,
Westin Hapuna Beach Resort & Mauna Kea Beach Hotel ,"May 4, 2020",https://labor.hawaii.gov/wdc/files/2020/05/WARN-2020.05.04-Westin-Hapuna-Beach-Resort-Mauna-Kea-Beach-Hotel.pdf,,
Red Lobster,"May 11, 2020",https://labor.hawaii.gov/wdc/files/2020/05/WARN-2020.05.11-Red-Lobster.pdf,,
Sheraton Kauai Coconut Beach Resort,"May 12, 2020",https://labor.hawaii.gov/wdc/files/2020/05/WARN-2020.05.12-Sheraton-Kauai-Coconut-Beach-Resort.pdf,,
Watabe Wedding Corp,"May 14, 2020",https://labor.hawaii.gov/wdc/files/2020/05/WARN-2020.05.14-Watabe-Wedding-Corp.pdf,,
Adventist Health,"May 15, 2020",https://labor.hawaii.gov/wdc/files/2020/05/WARN-2020.05.15-Adventist-Health_redacted.pdf,,
Flying Food Group LLC – Kailua-Kona,"May 15, 2020",https://labor.hawaii.gov/wdc/files/2020/05/WARN-2020.05.15-Flying-Food-Group-LLC-Kailua-Kona_redacted.pdf,,
Flying Food Group LLC – Lihue,"May 15, 2020",https://labor.hawaii.gov/wdc/files/2020/05/WARN-2020.05.15-Flying-Food-Group-LLC-Lihue_redacted.pdf,,
Gate Gourmet,"May 20, 2020",https://labor.hawaii.gov/wdc/files/2020/05/WARN-2020.05.20-Gate-Gourmet_redacted.pdf,,
The Art Source,"May 22, 2020",https://labor.hawaii.gov/wdc/files/2020/05/WARN-2020.05.22-The-Art-Source-Inc.pdf,,
Adventist Health,"May 26, 2020",https://labor.hawaii.gov/wdc/files/2020/05/WARN-2020.05.26-Adventist-Health.pdf,,
The Hertz Corporation,"May 26, 2020",https://labor.hawaii.gov/wdc/files/2020/05/WARN-2020.05.26-The-Hertz-Corporation-Maui-Hnl.pdf,,
Koloa Landing Resort,"May 29, 2020",https://labor.hawaii.gov/wdc/files/2020/06/WARN-2020.05.29-Koloa-Landing-Resort.pdf,,
Timbers Resorts Kauai,"May 29, 2020",https://labor.hawaii.gov/wdc/files/2020/06/WARN-2020.05.29-Timbers-Resorts-Kauai_redacted.pdf,,
Waikoloa Beach Marriott Resort & Spa,"June 1, 2020",https://labor.hawaii.gov/wdc/files/2020/06/WARN-2020.06.01-Waikoloa-Beach-Marriott-Resort-Spa.pdf,,
"* Waikoloa Beach Marriott Resort & Spa Amended June 9, 2020","* Waikoloa Beach Marriott Resort & Spa Amended June 9, 2020",https://labor.hawaii.gov/wdc/files/2020/06/WARN-2020.06.09-Waikoloa-Beach-Marriort-Resort-Spa-Amended.pdf,,
The Westin Maui Resort & Spa Kaanapali,"June 2, 2020",https://labor.hawaii.gov/wdc/files/2020/06/WARN-2020.06.02-The-Westin-Maui-Resort-Spa-Kaanapali.pdf,,
Marriott International,"June 4, 2020",https://labor.hawaii.gov/wdc/files/2020/06/WARN-2020.06.04-Marriott-International.pdf,,
Moana Surfrider Hotel,"June 4, 2020",https://labor.hawaii.gov/wdc/files/2020/06/WARN-2020.06.04-Moana-Surfrider-Hotel.pdf,,
Royal Hawaiian Hotel,"June 4, 2020",https://labor.hawaii.gov/wdc/files/2020/06/WARN-2020.06.04-Royal-Hawaiian-Hotel.pdf,,
Sheraton Maui Hotel,"June 4, 2020",https://labor.hawaii.gov/wdc/files/2020/06/WARN-2020.06.04-Sheraton-Maui-Hotel.pdf,,
Sheraton Princess Kaiulani Hotel,"June 4, 2020",https://labor.hawaii.gov/wdc/files/2020/06/WARN-2020.06.04-Sheraton-Princess-Kaiulani-Hotel.pdf,,
Sheraton Waikiki Hotel & Central Resources Team,"June 4, 2020",https://labor.hawaii.gov/wdc/files/2020/06/WARN-2020.06.04-Sheraton-Waikiki-Hotel-Central-Resources-Team.pdf,,
Tropical Plantation & The Mill House,"June 4, 2020",https://labor.hawaii.gov/wdc/files/2020/06/WARN-2020.06.04-Tropical-Plantation-The-Mill-House_redacted.pdf,,
Waikiki Beach Marriott Resort & Spa,"June 4, 2020",https://labor.hawaii.gov/wdc/files/2020/06/WARN-2020.06.04-Waikiki-Beach-Marriott-Resort-Spa.pdf,,
Gate Gourmet,"June 5, 2020",https://labor.hawaii.gov/wdc/files/2020/06/WARN-2020.06.05-Gate-Goumets-HNL_redacted.pdf,,
Residence Inn Maui Wailea,"June 5, 2020",https://labor.hawaii.gov/wdc/files/2020/06/WARN-2020.06.05-Residence-Inn-Maui-Wailea.pdf,,
Wailea Beach Resort Marriott-Maui,"June 5, 2020",https://labor.hawaii.gov/wdc/files/2020/06/WARN-2020.06.05-Wailea-Beach-Resort-Marriott-Maui.pdf,,
Courtyard by Marriott Maui Kahului Airport,"June 8, 2020",https://labor.hawaii.gov/wdc/files/2020/06/WARN-2020.06.08-Courtyard-by-Marriott-Maui-Kahului-Airport.pdf,,
"The Ritz-Carlton Residences, Waikiki Beach","June 8, 2020",https://labor.hawaii.gov/wdc/files/2020/06/WARN-2020.06.08-The-Ritz-Carlton-Residences-Waikiki-Beach.pdf,,
Alohilani Resort Waikiki Beach,"June 12, 2020",https://labor.hawaii.gov/wdc/files/2020/06/WARN-2020.06.12-Alohilani-Resort-Waikiki-Beach.pdf,,
Ambassador Hotel Waikiki,"June 12, 2020",https://labor.hawaii.gov/wdc/files/2020/06/WARN-2020.06.12-Ambassador-Hotel-Waikiki.pdf,,
Aston Waikiki Beach Hotel,"June 12, 2020",https://labor.hawaii.gov/wdc/files/2020/06/WARN-2020.06.12-Aston-Waikiki-Beach-Hotel.pdf,,
Courtyard by Marriiott Waikiki Beach,"June 12, 2020",https://labor.hawaii.gov/wdc/files/2020/06/WARN-2020.06.12-Courtyard-by-Marriott-Waikiki-Beach.pdf,,
Grand Hyatt Kauai Resort & Spa,"June 12, 2020",https://labor.hawaii.gov/wdc/files/2020/06/WARN-2020.06.12-Grand-Hyatt-Kauai-Resort-Spa.pdf,,
"*Grand Hyatt Kauai Resort & Spa Amendment October 30, 2020","*Grand Hyatt Kauai Resort & Spa Amendment October 30, 2020",https://labor.hawaii.gov/wdc/files/2020/11/WARN-2020.11.02-Grand-Hyatt-Kauai-Resort-Spa-Amendment.pdf,,
"*Grand Hyatt Kauai Resort & Spa Amendment #2 August 13, 2021","*Grand Hyatt Kauai Resort & Spa Amendment #2 August 13, 2021",https://labor.hawaii.gov/wdc/files/2021/08/20210806-WARN-Grand-Hyatt-Kauai-Resort-Spa-1.pdf,,
Hilton Waikiki Beach,"June 12, 2020",https://labor.hawaii.gov/wdc/files/2020/06/WARN-2020.06.12-Hilton-Waikiki-Beach_redacted.pdf,,
Park Shore Waikiki,"June 12, 2020",https://labor.hawaii.gov/wdc/files/2020/06/WARN-2020.06.12-Park-Shore-Wakiki.pdf,,
Sheraton Kona Resort & Spa at Keauhou Bay,"June 12, 2020",https://labor.hawaii.gov/wdc/files/2020/06/WARN-2020.06.12-Sheraton-Kona-Resort-Spa-at-Keauhou-Bay.pdf,,
Team Clean Inc.,"June 12, 2020",https://labor.hawaii.gov/wdc/files/2020/06/WARN-2020.06.12-Team-Clean-Inc.pdf,,
Adventist Health Castle,"June 15, 2020",https://labor.hawaii.gov/wdc/files/2020/06/WARN-2020.06.15-Adventist-Health-Castle_redacted.pdf,,
Ritz Carlton Kapalua,"June 15, 2020",https://labor.hawaii.gov/wdc/files/2020/06/WARN-2020.06.15-Ritz-Carlton-Kapalua.pdf,,
Foodland Kauai,"June 16, 2020",https://labor.hawaii.gov/wdc/files/2020/06/WARN-2020.06.16-Foodland-Kauai.pdf,,
TMobile,"June 17, 2020",https://labor.hawaii.gov/wdc/files/2020/06/WARN-2020.06.17-TMobile.pdf,,
JTB Hawaii Group Companies,"June 19, 2020",https://labor.hawaii.gov/wdc/files/2020/06/WARN-2020.06.19-JTB-Hawaii-Group-Companies.pdf,,
Trump International Hotel Waikiki,"June 22, 2020",https://labor.hawaii.gov/wdc/files/2020/06/WARN-2020.06.22-Trump-International-Hotel-Waikiki.pdf,,
Hertz,"June 23, 2020",https://labor.hawaii.gov/wdc/files/2020/06/WARN-2020.06.23-Hertz.pdf,,
Andaz Maui Wailea,"June 24, 2020",https://labor.hawaii.gov/wdc/files/2020/06/WARN-2020.06.24-Andaz-Maui-Wailea.pdf,,
Four Seasons Resort Wailea,"June 24, 2020",https://labor.hawaii.gov/wdc/files/2020/06/WARN-2020.06.24-Four-Seasons-Resort-Wailea.pdf,,
Hyatt Regency Waikiki,"June 25, 2020",https://labor.hawaii.gov/wdc/files/2020/06/WARN-2020.06.25-Hyatt-Regency-Waikiki.pdf,,
"*Hyatt Regency Waikiki Update December 14, 2020","*Hyatt Regency Waikiki Update December 14, 2020",https://labor.hawaii.gov/wdc/files/2020/12/WARN-2020.12.14-Hyatt-Corp-Hyatt-Regency-Waikiki.pdf,,
Hyatt Regency Maui Resort & Spa,"June 26, 2020",https://labor.hawaii.gov/wdc/files/2020/06/WARN-2020.06.26-Hyatt-Regency-Maui-Resort-Spa.pdf,,
Four Seasons Resort Hualala,"June 29, 2020",https://labor.hawaii.gov/wdc/files/2020/06/WARN-2020.06.29-Four-Seasons-Resort-Hualala.pdf,,
Ruth Chris Steak House Maui,"June 30, 2020",https://labor.hawaii.gov/wdc/files/2020/06/WARN-2020.06.30-Ruth-Chris-Steak-House-Maui.pdf,,
Sun Noodle,"June 30, 2020",https://labor.hawaii.gov/wdc/files/2020/06/WARN-2020.06.30-Sun-Noodle.pdf,,
TMobile,"July 2, 2020",https://labor.hawaii.gov/wdc/files/2020/07/WARN-2020.07.02-TMobile.pdf,,
DFS Group LP,"July 2, 2020",https://labor.hawaii.gov/wdc/files/2020/07/WARN-2020.07.02-DFS-Group-LP.pdf,,
The Maintenance Group LLC,"July 2, 2020",https://labor.hawaii.gov/wdc/files/2020/07/WARN-2020.07.02-The-Maintenance-Group-LLC.pdf,,
The Laylow Waikiki,"July 6, 2020",https://labor.hawaii.gov/wdc/files/2020/07/WARN-2020.07.06-The-Laylow-Waikiki.pdf,,
Hilton Grand Vacations Honolulu,"July 8, 2020",https://labor.hawaii.gov/wdc/files/2020/07/WARN-2020.07.08-Hilton-Grand-Vacations-Honolulu.pdf,,
Hilton Grand Vacations Waikoloa,"July 8, 2020",https://labor.hawaii.gov/wdc/files/2020/07/WARN-2020.07.08-Hilton-Grand-Vacations-Waikoloa.pdf,,
United Airlines,"July 8, 2020",https://labor.hawaii.gov/wdc/files/2020/07/WARN-2020.07.08-United-Airlines.pdf,,
CareResource Hawaii Maui,"July 10, 2020",https://labor.hawaii.gov/wdc/files/2020/07/WARN-2020.07.08-CareResource-Hawaii-Maui.pdf,,
Hyatt Centric Waikiki Beach,"July 10, 2020",https://labor.hawaii.gov/wdc/files/2020/07/WARN-2020.07.10-Hyatt-Centric-Waikiki-Beach.pdf,,
Miyako Restaurant,"July 13, 2020",https://labor.hawaii.gov/wdc/files/2020/07/WARN-2020.07.13-Miyako-Restaurant.pdf,,
Halepuna Waikiki,"July 15, 2020",https://labor.hawaii.gov/wdc/files/2020/07/WARN-2020.07.15-Halepuna-Waikiki.pdf,,
Halekulani,"July 15, 2020",https://labor.hawaii.gov/wdc/files/2020/07/WARN-2020.07.15-Halekulani.pdf,,
Sea Life Park,"July 16, 2020",https://labor.hawaii.gov/wdc/files/2020/07/WARN-2020.07.16-Sea-Life-Park.pdf,,
Adventist Health Castle,"July 17, 2020",https://labor.hawaii.gov/wdc/files/2020/07/WARN-2020.07.17-Adventist-Health-Castle.pdf,,
Big Island Candies,"July 21, 2020",https://labor.hawaii.gov/wdc/files/2020/07/WARN-2020.07.21-Big-Island-Candies.pdf,,
Sea Life Park,"July 21, 2020",https://labor.hawaii.gov/wdc/files/2020/07/WARN-2020.07.21-Sea-Life-Park.pdf,,
Fairmont Orchid,"July 23, 2020",https://labor.hawaii.gov/wdc/files/2023/01/July-23-2020-Fairmont-Orchid-Hawaii.pdf,,
Trump International Hotel Waikiki ,"July 23, 2020",https://labor.hawaii.gov/wdc/files/2020/07/WARN-2020.07.23-Trump-International-Hotel-Waikiki.pdf,,
Polynesian Cultural Center,"July 24, 2020",https://labor.hawaii.gov/wdc/files/2020/07/WARN-2020.07.24-Polynesian-Cultural-Center.pdf,,
"Fairmont Kea Lani, Maui","July 27, 2020",https://labor.hawaii.gov/wdc/files/2023/01/July-27-2020-Fairmont-Kea-Lani-Maui.pdf,,
"Green Tea Management LLC, Travasa Experential Resorts","July 28, 2020",https://labor.hawaii.gov/wdc/files/2020/07/WARN-2020.07.28-Green-Tea-Management-LLC_Travaasa-Experential-Resorts.pdf,,
Montage Kapalua Bay,"July 28, 2020",https://labor.hawaii.gov/wdc/files/2020/07/WARN-2020.07.28-Montage-Kapalua-Bay.pdf,,
E Noa Corporation,"July 28, 2020",https://labor.hawaii.gov/wdc/files/2020/07/WARN-2020.07.28-E-Noa-Corporation.pdf,,
Ruth’s Chris Steak House Kauai,"July 29, 2020",https://labor.hawaii.gov/wdc/files/2020/07/WARN-2020.07.29-Ruths-Chris-Steak-House-Kauai.pdf,,
Wyndham Vacation Ownership,"July 30, 2020",https://labor.hawaii.gov/wdc/files/2020/07/WARN-2020.07.30-Wyndham-Vacation-Ownership.pdf,,
Hilton Waikoloa Village,"August 1, 2020",https://labor.hawaii.gov/wdc/files/2020/09/WARN-2020.08.01-Hilton-Waikoloa-Village.pdf,,
DFS Group LP,"August 3, 2020",https://labor.hawaii.gov/wdc/files/2020/08/WARN-2020.08.03-DFS-Group-LP.pdf,,
"* DFS Update October 30, 2020","* DFS Update October 30, 2020",https://labor.hawaii.gov/wdc/files/2020/11/WARN-2020.11.02-DFS-Group-L.P.-Update.pdf,,
Pride of America Shipholding LLC,"August 3, 2020",https://labor.hawaii.gov/wdc/files/2020/08/WARN-2020.08.03-Pride-of-America-Shipholding-LLC.pdf,,
Kahala Resort,"August 3, 2020",https://labor.hawaii.gov/wdc/files/2020/08/WARN-2020.08.03-Kahala-Resort.pdf,,
Travaasa Experiential Resorts,"August 3, 2020",https://labor.hawaii.gov/wdc/files/2020/08/WARN-2020.08.03-Travaasa-Experiential-Resorts.pdf,,
Fairmont Kea Lani Maui,"August 3, 2020",https://labor.hawaii.gov/wdc/files/2020/08/WARN-2020.08.03-Fairmont-Kea-Lani-Maui.pdf,,
Hawaiian Airlines,"August 3, 2020",https://labor.hawaii.gov/wdc/files/2020/08/WARN-2020.08.03-Hawaiian-Airlines.pdf,,
"* Hawaiian Airlines Amended September 16, 2020","* Hawaiian Airlines Amended September 16, 2020",https://labor.hawaii.gov/wdc/files/2020/09/WARN-2020.09.16-HAL-Amended.pdf,,
*Errata to Amended WARN,*Errata to Amended WARN,https://labor.hawaii.gov/wdc/files/2020/09/WARN-2020.09.21-HAL-Errata-to-Amended-Notice-Dated-09.18.20.pdf,,
"*Hawaiian Airlines Second Amended October 14, 2020","*Hawaiian Airlines Second Amended October 14, 2020",https://labor.hawaii.gov/wdc/files/2020/10/WARN-2020.10.14-Hawaiian-Airlines-Second-Amended.pdf,,
Grand Wailea,"August 5, 2020",https://labor.hawaii.gov/wdc/files/2020/08/WARN-2020.08.04-Grand-Wailea.pdf,,
Polynesian Cultural Center,"August 5, 2020",https://labor.hawaii.gov/wdc/files/2020/08/WARN-2020.08.05-Polynesian-Cultural-Center.pdf,,
Four Seasons Oahu,"August 5, 2020",https://labor.hawaii.gov/wdc/files/2020/08/WARN-2020.08.06-Four-Seasons-Oahu.pdf,,
Hilton Hawaiian Village,"August 5, 2020",https://labor.hawaii.gov/wdc/files/2020/08/WARN-2020.08.06-Hilton-Hawaiian-Village.pdf,,
Kualoa Ranch,"August 10, 2020",https://labor.hawaii.gov/wdc/files/2020/08/WARN-2020.08.10-Kualoa-Ranch-Inc.pdf,,
HMSHost Honolulu,"August 12, 2020",https://labor.hawaii.gov/wdc/files/2020/08/WARN-2020.08.12-HMSHost-Honolulu.pdf,,
HMSHost Kauai,"August 12, 2020",https://labor.hawaii.gov/wdc/files/2020/08/WARN-2020.08.12-HMSHost-Kauai.pdf,,
HMSHost Maui,"August 12, 2020",https://labor.hawaii.gov/wdc/files/2020/08/WARN-2020.08.12-HMSHost-Maui.pdf,,
Wyndham Vacation Ownership,"August 17, 2020",https://labor.hawaii.gov/wdc/files/2020/09/WARN-2020.08.17-Wyndham-Vacation-Ownership-07.30.20-redacted.pdf,,
Hawaiian Airlines,"August 19, 2020",https://labor.hawaii.gov/wdc/files/2020/08/WARN-2020.08.19-Hawaiian-Airlines.pdf,,
Kaiser Permanente,"August 19, 2020",https://labor.hawaii.gov/wdc/files/2020/08/WARN-2020.08.19-Kaiser-Permanente.pdf,,
Double Tree Alana Waikiki Beach Hotel,"August 20, 2020",https://labor.hawaii.gov/wdc/files/2020/08/WARN-2020.08.20-Double-Tree-Alana-Waikiki-Beach-Hotel.pdf,,
Four Seasons Resort Hualalai,"August 24, 2020",https://labor.hawaii.gov/wdc/files/2020/08/WARN-2020.08.24-Four-Seasons-Resort-Hualalai.pdf,,
Four Seasons Resort Maui at Wailea,"August 24, 2020",https://labor.hawaii.gov/wdc/files/2020/08/WARN-2020.08.24-Four-Seasons-Resort-Maui-at-Wailea.pdf,,
Honolulu Cookie Co.,"August 24, 2020",https://labor.hawaii.gov/wdc/files/2020/08/WARN-2020.08.24-Honolulu-Cookie-Co.pdf,,
Hyatt Regency Waikiki,"August 24, 2020",https://labor.hawaii.gov/wdc/files/2020/08/WARN-2020.08.24-Hyatt-Regency-Waikiki.pdf,,
Koloa Landing Resort,"August 25, 2020",https://labor.hawaii.gov/wdc/files/2020/08/WARN-2020.08.17-Koloa-Landing-Resort-Kauai.pdf,,
Sheraton Kauai Coconut Beach Resort,"August 27, 2020",https://labor.hawaii.gov/wdc/files/2020/08/WARN-2020.08.27-Sheraton-Kauai-Coconut-Beach-Resort.pdf,,
Four Seasons Resort Lanai,"August 31, 2020",https://labor.hawaii.gov/wdc/files/2020/08/WARN-2020.08.31-Four-Seasons-Resort-Lanai-redacted.pdf,,
Hakkasan Group,"August 31, 2020",https://labor.hawaii.gov/wdc/files/2020/08/WARN-2020.08.31-Hakkasan-Group.pdf,,
Aqua-Aston Hospitality LLC; Aston Kaanapali Shores,"September 3, 2020",https://labor.hawaii.gov/wdc/files/2020/09/WARN-2020.09.03-HI-ASTKAAN-AAH-STATE-MAYOR-Notice2.pdf,,
"Hotel Management Services, LLC; Ilikai Hotel & Luxury Suites","September 3, 2020",https://labor.hawaii.gov/wdc/files/2020/09/WARN-2020.09.03-HI-ILIKAI-HotelMGMT-State-Dislocated-Worker-Unit-Letter.pdf,,
HV Global Management Corporation; Kaanapali Beach Resort,"September 3, 2020",https://labor.hawaii.gov/wdc/files/2020/09/WARN-2020.09.03-HI-KAANBEACH-HVMGMT-STATE-MAYOR-Notice0.pdf,,
HV Global Marketing Corporation; Kaanapali Beach Resort,"September 3, 2020",https://labor.hawaii.gov/wdc/files/2020/09/WARN-2020.09.03-HI-KAANBEACH-HVMKTG-STATE-MAYOR-Notice0.pdf,,
"Marriott Ownership Resorts, Inc.; Kauai Lagoons","September 3, 2020",https://labor.hawaii.gov/wdc/files/2020/09/WARN-2020.09.03-HI-KAUAILAG-MORI-STATE-MAYOR-Notice2.pdf,,
Marriott Resorts Hospitality Corporation; Kauai Lagoons,"September 3, 2020",https://labor.hawaii.gov/wdc/files/2020/09/WARN-2020.09.03-HI-KAUAILAG-MRHC-STATE-MAYOR-Notice2.pdf,,
"Marriott Ownership Resorts, Inc.; Koolina Beach Club","September 3, 2020",https://labor.hawaii.gov/wdc/files/2020/09/WARN-2020.09.03-HI-KOOLINA-MORI-STATE-MAYOR-Notice2.pdf,,
Marriott Resorts Hospitality Corporation; Koolina Beach Club,"September 3, 2020",https://labor.hawaii.gov/wdc/files/2020/09/WARN-2020.09.03-HI-KOOLINA-MRHC-STATE-MAYOR-Notice2.pdf,,
"Marriott Ownership Resorts, Inc.; Maui Ocean Club","September 3, 2020",https://labor.hawaii.gov/wdc/files/2020/09/WARN-2020.09.03-HI-MAUIOC-MORI-STATE-MAYOR-Notice2.pdf,,
Marriott Resorts Hospitality Corporation; Maui Ocean Club,"September 3, 2020",https://labor.hawaii.gov/wdc/files/2020/09/WARN-2020.09.03-HI-MAUIOC-MRHC-STATE-MAYOR-Notice2.pdf,,
"Marriott Ownership Resorts, Inc.; Waikoloa Ocean Club","September 3, 2020",https://labor.hawaii.gov/wdc/files/2020/09/WARN-2020.09.03-HI-WAIKOLOAOc-MORI-STATE-MAYOR-Notice2.pdf,,
Marriott Resorts Hospitality Corporation; Waikoloa Ocean Club,"September 3, 2020",https://labor.hawaii.gov/wdc/files/2020/09/WARN-2020.09.03-HI-WAIKOLOAOc-MRHC-STATE-MAYOR-Notice2.pdf,,
Marriott Resorts Hospitality Corporation; Waiohai Beach Club,"September 3, 2020",https://labor.hawaii.gov/wdc/files/2020/09/WARN-2020.09.03-HI-WAIOHAIBeach-MRHC-STATE-MAYOR-Notice.pdf,,
"Marriott Ownership Resorts, Inc.; Westin Kaanapali Ocean Resort","September 3, 2020",https://labor.hawaii.gov/wdc/files/2020/09/WARN-2020.09.03-HI-WESKAANAOCEAN-MORI-STATE-MAYOR-Notice.pdf,,
VSE Pacific Inc.; Westin Kaanapali Ocean Resort,"September 3, 2020",https://labor.hawaii.gov/wdc/files/2020/09/WARN-2020.09.03-HI-WESKAANAOCEAN-VSEPACIFIC-STATE-MAYOR-Notice.pdf,,
"FOH Hospitality, LLC; Westin Kaanapali Ocean Resort","September 3, 2020",https://labor.hawaii.gov/wdc/files/2020/09/WARN-2020.09.03-HI-WESKAANOCEAN-FOH-STATE-MAYOR-Notice.pdf,,
"FOH Hospitality, LLC; Westin Nanea Ocean Resort & Villas","September 3, 2020",https://labor.hawaii.gov/wdc/files/2020/09/WARN-2020.09.03-HI-WESNANEAOC-FOH-STATE-MAYOR-Notice.pdf,,
"Marriott Ownership Resorts, Inc.; Westin Nanea Ocean Resort & Villas","September 3, 2020",https://labor.hawaii.gov/wdc/files/2020/09/WARN-2020.09.03-HI-WESNANEAOC-MORI-STATE-MAYOR-Notice.pdf,,
VSE Pacific Inc.; Westin Nanea Ocean Resort & Villas,"September 3, 2020",https://labor.hawaii.gov/wdc/files/2020/09/WARN-2020.09.03-HI-WESNANEAOC-VSEPACIFIC-STATE-MAYOR-Notice.pdf,,
"FOH Hospitality, LLC; Westin Princeville Ocean Resort","September 3, 2020",https://labor.hawaii.gov/wdc/files/2020/09/WARN-2020.09.03-HI-WESPRINCEVILLE-FOH-STATE-MAYOR-Notice.pdf,,
VSE Pacific Inc.; Westin Princeville Ocean Resort,"September 3, 2020",https://labor.hawaii.gov/wdc/files/2020/09/WARN-2020.09.03-HI-WESPRINCEVILLE-VSEPACIFIC-STATE-MAYOR-Notice2.pdf,,
Prince Resorts Hawaii,"September 3, 2020",https://labor.hawaii.gov/wdc/files/2020/09/WARN-2020.09.03-Prince-Resorts-Hawaii.pdf,,
Royal Kona Resort,"September 3, 2020",https://labor.hawaii.gov/wdc/files/2020/09/WARN-2020.09.03-Royal-Kona-Resort.pdf,,
Turtle Bay,"September 3, 2020",https://labor.hawaii.gov/wdc/files/2020/09/WARN-2020.09.03-Turtle-Bay.pdf,,
Mauna Kea Resort,"September 3, 2020",https://labor.hawaii.gov/wdc/files/2020/09/WARN-2020.09.03-Mauna-Kea-Resort.pdf,,
Travaasa Hana Resort,"September 4, 2020",https://labor.hawaii.gov/wdc/files/2020/09/WARN-2020.09.04-Travaasa-Hana-Resort-Furloughs.pdf,,
Montage Kapalua Bay,"September 5, 2020",https://labor.hawaii.gov/wdc/files/2020/09/WARN-2020.09.05-Montage-Kapalua-Bay.pdf,,
Royal Lahaina Resort,"September 5, 2020",https://labor.hawaii.gov/wdc/files/2020/09/WARN-2020.09.05-Royal-Lahaina-Resort.pdf,,
Avis Budget Car Rental LLC,"September 8, 2020",https://labor.hawaii.gov/wdc/files/2020/09/WARN-2020.09.08-Avis-Budget-Car-Rental-LLC.pdf,,
Ilikai Hotel Extension of Temp. Closure,"September 8, 2020",https://labor.hawaii.gov/wdc/files/2020/09/WARN-2020.09.08-Ilikai-Hotel-Extension-of-Temp.-Closure.pdf,,
Pearl Country Club,"September 9, 2020",https://labor.hawaii.gov/wdc/files/2020/09/WARN-2020.09.09-Pearl-Country-Club.pdf,,
Holiday Inn Express,"September 10, 2020",https://labor.hawaii.gov/wdc/files/2023/01/September-10-2020-Holiday-Inn-Express.pdf,,
Kauai Shores Hotel,"September 11, 2020",https://labor.hawaii.gov/wdc/files/2020/09/WARN-2020.09.11-Kauai-Shores-Hotel.pdf,,
Dave & Buster’s,"September 15, 2020",https://labor.hawaii.gov/wdc/files/2020/09/WARN-2020.09.15-Dave-Busters.pdf,,
Kaimana Beach Hotel,"September 17, 2020",https://labor.hawaii.gov/wdc/files/2020/09/WARN-2020.09.17-Kaimana-Beach-Hotel.pdf,,
Fleetwood’s on Front Street,"September 18, 2020",https://labor.hawaii.gov/wdc/files/2020/09/WARN-2020.09.18-Fleetwoods-on-Front-Street.pdf,,
Neiman Marcus Group,"September 21, 2020",https://labor.hawaii.gov/wdc/files/2020/09/WARN-2020.09.21-Neiman-Marcus-Group.pdf,,
Outrigger,"September 21, 2020",https://labor.hawaii.gov/wdc/files/2020/09/WARN-2020.09.21-Outrigger.pdf,,
United Laundry Services LLC,"September 21, 2020",https://labor.hawaii.gov/wdc/files/2020/09/WARN-2020.09.21-WARN-United-Laundry-Services-LLC-rescanned.pdf,,
Diamond Resorts Kaanapali Beach Club,"September 24, 2020",https://labor.hawaii.gov/wdc/files/2020/09/WARN-2020.09.24-Diamond-Resorts-Kaanapali-Beach-Club.pdf,,
Diamond Resorts Point at Poipu,"September 24, 2020",https://labor.hawaii.gov/wdc/files/2020/09/WARN-2020.09.24-Diamond-Resorts-Point-at-Poipu.pdf,,
Diamond Resorts The Modern,"September 24, 2020",https://labor.hawaii.gov/wdc/files/2020/09/WARN-2020.09.24-Diamond-Resorts-The-Modern.pdf,,
Kaanapali Beach Hotel,"September 24, 2020",https://labor.hawaii.gov/wdc/files/2020/09/WARN-2020.09.24-Kaanapali-Beach-Hotel.pdf,,
Paradise Cove Luau,"September 24, 2020",https://labor.hawaii.gov/wdc/files/2020/09/WARN-2020.09.24-Paradise-Cove-Luau.pdf,,
HV Global Marketing Corp. Kaanapali Beach Resort,"September 25, 2020",https://labor.hawaii.gov/wdc/files/2020/09/WARN-2020.09.25-HV-Global-Marketing-Corp.-Kaanapali-Beach-Resort.pdf,,
Marriott Kauai Lagoons,"September 25, 2020",https://labor.hawaii.gov/wdc/files/2020/09/WARN-2020.09.25-Marriott-Kauai-Lagoons.pdf,,
Marriott Koolina Beach Club,"September 25, 2020",https://labor.hawaii.gov/wdc/files/2020/09/WARN-2020.09.25-Marriott-Koolina-Beach-Club.pdf,,
Marriott Maui Ocean Club,"September 25, 2020",https://labor.hawaii.gov/wdc/files/2020/09/WARN-2020.09.25-Marriott-Maui-Ocean-Club.pdf,,
VSE Pacific Inc. Westin Kaanapali Ocean Resort,"September 25, 2020",https://labor.hawaii.gov/wdc/files/2020/09/WARN-2020.09.25-VSE-Pacific-Inc.-Westin-Kaanapali-Ocean-Resort.pdf,,
VSE Pacific Inc. Westin Princeville Ocean Resort,"September 25, 2020",https://labor.hawaii.gov/wdc/files/2020/09/WARN-2020.09.25-VSE-Pacific-Inc.-Westin-Princeville-Ocean-Resort.pdf,,
Fairmont Orchid,"September 28, 2020",https://labor.hawaii.gov/wdc/files/2023/01/September-28-2020-Fairmont-Orchid-Hawaii.pdf,,
Kukuiula South Shore,"September 29, 2020",https://labor.hawaii.gov/wdc/files/2020/09/WARN-2020.09.28-Notice-Kukuiula-South-Shore.pdf,,
Stripsteak,"September 30, 2020",https://labor.hawaii.gov/wdc/files/2020/10/WARN-2020.09.30-Stripsteak.pdf,,
The Street Honolulu,"September 30, 2020",https://labor.hawaii.gov/wdc/files/2020/10/WARN-2020.09.30-The-Street-Honolulu.pdf,,
Fairmont Orchid,"October 1, 2020",https://labor.hawaii.gov/wdc/files/2020/10/WARN-2020.10.01-Fairmont-Orchid.pdf,,
Hyatt Regency Waikiki,"October 6, 2020",https://labor.hawaii.gov/wdc/files/2020/10/WARN-2020.10.06-Hyatt-Regency-Waikiki.pdf,,
Montage Kapalua Bay,"October 6, 2020",https://labor.hawaii.gov/wdc/files/2020/10/WARN-2020.10.06-Montage-Kapalua-Bay.pdf,,
Ruth’s Chris Steakhouse,"October 14, 2020",https://labor.hawaii.gov/wdc/files/2020/10/WARN-2020.10.14-Ruths-Chris-Steakhouse.pdf,,
Wyndham Vacation Ownership,"October 14, 2020",https://labor.hawaii.gov/wdc/files/2020/10/WARN-2020.10.14-Wyndham-Vacation-Ownership.pdf,,
YMCA of Honolulu,"October 14, 2020",https://labor.hawaii.gov/wdc/files/2020/10/WARN-2020.10.14-YMCA-of-Honolulu.pdf,,
American Machinery,"October 19, 2020",https://labor.hawaii.gov/wdc/files/2020/10/WARN-2020.10.19-American-Machinery.pdf,,
"*American Machinery Update October 21, 2020","*American Machinery Update October 21, 2020",https://labor.hawaii.gov/wdc/files/2020/10/WARN-2020.10.22-American-Machinery.pdf,,
Hilton Hotel Employer HI LLC,"October 19, 2020",https://labor.hawaii.gov/wdc/files/2020/10/WARN-2020.10.19-Hilton-Hotel-Employer-HI-LLC-Hilton-Hawaiian-Village.pdf,,
Outrigger Hospitality Group,"October 23, 2020",https://labor.hawaii.gov/wdc/files/2020/10/WARN-2020.10.23-Outrigger-Hospitality-Group.pdf,,
Yard House,"October 29, 2020",https://labor.hawaii.gov/wdc/files/2020/10/WARN-2020.10.29-Yard-House.pdf,,
Ala Moana Hotel,"October 29, 2020",https://labor.hawaii.gov/wdc/files/2020/10/WARN-2020.10.29-Ala-Moana-Hotel.pdf,,
90210 Grand Wailea LLC,"October 30, 2020",https://labor.hawaii.gov/wdc/files/2020/10/WARN-2020.10.30-90210-Grand-Wailea-LLC.pdf,,
Castle Medical Center dba Adventist Health,"October 30, 2020",https://labor.hawaii.gov/wdc/files/2020/10/WARN-2020.10.30-Castle-Medical-Center-dba-Adventist-Health.pdf,,
"Fairmont Kea Lani, Maui","November 1, 2020",https://labor.hawaii.gov/wdc/files/2023/01/November-1-2020-Fairmont-Kea-Lani-Maui.pdf,,
Kaiser Foundation Hospitals & Kaiser Foundation Health Plan Inc. ,"November 2, 2020",https://labor.hawaii.gov/wdc/files/2020/11/WARN-2020.11.02-Kaiser-Foundation-Hospitals-Kaiser-Foundation-Health-Plan-Inc.pdf,,
Paradise Cove Luau,"November 9, 2020",https://labor.hawaii.gov/wdc/files/2020/11/WARN-2020.11.09-Paradise-Cove-Luau.pdf,,
Don Quijote (USA) Co. Ltd.,"November 16, 2020",https://labor.hawaii.gov/wdc/files/2020/11/WARN-2020.11.16-Don-Quijote-USA-Co.-Ltd.pdf,,
Marukai Hawaii Co. Ltd.,"November 16, 2020",https://labor.hawaii.gov/wdc/files/2020/11/WARN-2020.11.16-Marukai-Hawaii-Co.-Ltd.pdf,,
Sodexo,"November 16, 2020",https://labor.hawaii.gov/wdc/files/2020/11/WARN-2020.11.16-Sodexo.pdf,,
"QSI, Inc. (Times Supermarket)","November 19, 2020",https://labor.hawaii.gov/wdc/files/2020/11/WARN-2020.11.19-QSI-Inc.-Times-Supermarket.pdf,,
Kea Lani LLC – The Fairmont Kea Lani ,"November 20, 2020",https://labor.hawaii.gov/wdc/files/2020/11/WARN-2020.11.20-Kea-Lani-LLC-The-Fairmont-Kea-Lani.pdf,,
Westin Kaanapali Ocean Resort,"November 27, 2020",https://labor.hawaii.gov/wdc/files/2020/11/WARN-2020.11.27-Westin-Kaanapali-Ocean-Resort.pdf,,
Hawaii HIS Corporation,"December 2, 2020",https://labor.hawaii.gov/wdc/files/2020/12/WARN-2020.12.02-Hawaii-HIS-Corp.pdf,,
Montage Kapalua Bay,"December 3, 2020",https://labor.hawaii.gov/wdc/files/2020/12/WARN-2020.12.03-Montage-Kapalua-Bay.pdf,,
Southwest Airlines Co.,"December 3, 2020",https://labor.hawaii.gov/wdc/files/2020/12/WARN-2020.12.03-Southwest-Airlines-Co.pdf,,
Empire Airlines,"December 7, 2020",https://labor.hawaii.gov/wdc/files/2020/12/WARN-2020.12.07-Empire-Airlines.pdf,,
Hyatt Corporation Grand Hyatt Kauai Resort & Spa,"December 18, 2020",https://labor.hawaii.gov/wdc/files/2020/12/WARN-2020.12.18-Hyatt-Corporation-Grand-Hyatt-Kauai-Resort-Spa.pdf,,
Principle Hotels LLC Waikiki San Villa ,"December 30, 2020",https://labor.hawaii.gov/wdc/files/2020/12/WARN-2020.12.30-Principle-Hotels-LLC-Waikiki-San-Villa.pdf,,
Kauai Marriott Resort Beach Club,"December 31, 2020",https://labor.hawaii.gov/wdc/files/2020/12/WARN-2020.12.31-Kauai-Marriott-Resort-Beach-Club.pdf,,
* Correction to Marriott Resort Hospitality Corporation,* Correction to Marriott Resort Hospitality Corporation,https://labor.hawaii.gov/wdc/files/2020/09/09.14.2020-Marriott-Resort-Hospitality-Corporation.pdf,,
** Correction to FOH Hospitality Inc.,** Correction to FOH Hospitality Inc.,https://labor.hawaii.gov/wdc/files/2020/09/09.14.2020-FOH-Hospitality-Inc.pdf,,
*** Correction to HV Global Management Corporation,*** Correction to HV Global Management Corporation,https://labor.hawaii.gov/wdc/files/2020/09/09.14.2020-HV-Global-Management-Corporation.pdf,,
Pagoda Floating Restaurant,"January 5, 2021",https://labor.hawaii.gov/wdc/files/2021/01/WARN-2021.01.05-Pagoda-Floating-Restaurant-temporary-hibernation-letter.pdf,,
"Mauna Lani, Auberge Resorts Collection","January 14, 2021",https://labor.hawaii.gov/wdc/files/2021/01/WARN-2021.01.14-Mauna-Lani-Auberge-Resorts-Collection.pdf,,
Hawaiian Airlines,"January 28, 2021",https://labor.hawaii.gov/wdc/files/2023/03/January-28-2021-Hawaiian-Airlines_Redacted.pdf,,
Hawaii HIS Corporation,"February 2, 2021",https://labor.hawaii.gov/wdc/files/2021/02/WARN-2021.02.02-HAWAII-HIS-CORPORATION.pdf,,
"JTB Hawaii, Inc.","February 2, 2021",https://labor.hawaii.gov/wdc/files/2021/02/WARN-2021.02.02-JTB-HAWAII-INC.pdf,,
Hawaiian Airlines,"February 2, 2021",https://labor.hawaii.gov/wdc/files/2021/02/WARN-2021.02.02-HAWAIIAN-AIR.pdf,,
*Hawaiian Airlines Amendment,*Hawaiian Airlines Amendment,https://labor.hawaii.gov/wdc/files/2021/02/WARN-2021.02.02-HAWAIIAN-AIR-AMENDMENT.pdf,,
*Hawaiian Airlines Amendment,*Hawaiian Airlines Amendment,https://labor.hawaii.gov/wdc/files/2021/03/WARN-2021.03.18-Hawaiian-Airlines-Amended.pdf,,
Montage Kapalua Bay,"February 2, 2021",https://labor.hawaii.gov/wdc/files/2021/02/WARN-2021.02.02-MONTAGE-KAPALUA-BAY.pdf,,
Transform SR LLC,"February 2, 2021",https://labor.hawaii.gov/wdc/files/2021/02/WARN-2021.02.02-Transform-SR-LLC.pdf,,
Fairmont Orchid,"February 8, 2021",https://labor.hawaii.gov/wdc/files/2021/02/WARN-2021.02.08-Fairmont-Orchid.pdf,,
Transform SR LLC,"February 8, 2021",https://labor.hawaii.gov/wdc/files/2021/02/WARN-2021.02.08-TransformCo-Sears.pdf,,
Alohilani Resort,"February 8, 2021",https://labor.hawaii.gov/wdc/files/2021/02/WARN-2021.02.08-Alohilani-Resort.pdf,,
*Alohilani Resort Amendment,*Alohilani Resort Amendment,https://labor.hawaii.gov/wdc/files/2021/04/20210428-WARN-Alohilani-Resort-Waikiki-Beach.pdf,,
Love’s Bakery,"March 1, 2021",https://labor.hawaii.gov/wdc/files/2021/03/WARN-2021.03.01-Loves-Bakery.pdf,,
Kaiser Foundation Hospitals,"March 3, 2021",https://labor.hawaii.gov/wdc/files/2021/03/WARN-2021.03.03-Kaiser-Foundation-Hospitals.pdf,,
Alohilani Resort Waikiki Beach,"April 28, 2021",https://labor.hawaii.gov/wdc/files/2023/03/April-28-2021-Alohilani-Resort-Waikiki-Beach_Redacted.pdf,,
Sheraton Kona Resort & Spa at Keauhou Bay,"June 25, 2021",https://labor.hawaii.gov/wdc/files/2023/03/June-28-2021-Sheraton-Kona-Resort-Spa-at-Keauhou-Bay_Redacted.pdf,,
Charter Communications,"June 28, 2021",https://labor.hawaii.gov/wdc/files/2023/03/June-28-2021-Charter-Communications_Redacted.pdf,,
University Health Partners of Hawaii,"July 8, 2021",https://labor.hawaii.gov/wdc/files/2023/03/July-8-2021-University-Health-Partners-of-Hawaii_Redacted.pdf,,
Life Cycle Engineering,"July 28, 2021",https://labor.hawaii.gov/wdc/files/2023/03/July-28-2021-LCE-Life-Cycle-Engineering_Redacted.pdf,,
"United Airlines, Inc.","July 30, 2021",https://labor.hawaii.gov/wdc/files/2023/01/July-30-2021-United-Airlines-Inc..pdf,,
"Flying Food Group, LLC","August 5, 2021",https://labor.hawaii.gov/wdc/files/2021/08/Flying-Food-Group.pdf,,
"*Flying Food Group, LLC Amended 10/12/2021","*Flying Food Group, LLC Amended 10/12/2021",https://labor.hawaii.gov/wdc/files/2022/03/10.12.2021-Flying-Food-Group.pdf,,
"Anheuser-Busch Sales of Hawaii, Inc letter","August 30, 2021 Anheuser-Busch Sales of Hawaii, Inc letter",https://labor.hawaii.gov/wdc/files/2021/08/TEMPLATE_Notice-to-Employees.pdf,,
United Airlines,"September 1, 2021 United Airlines",https://labor.hawaii.gov/wdc/files/2021/09/20210901-United.pdf,,
"He-Man Landscaping, LLC","September 10. 2021 He-Man Landscaping, LLC",https://labor.hawaii.gov/wdc/files/2021/09/He-Man-Landscaping-LLC-DWA-Notification-September-10-2021.pdf,,
Urgent Care Hawaii,"September 30, 2021 Urgent Care Hawaii",https://labor.hawaii.gov/wdc/files/2021/09/20210930-WARN-Urgent-Care-Hawaii-LLC.pdf,,
"Flying Food Group, LLC","October 5, 2021",https://labor.hawaii.gov/wdc/files/2023/01/October-5-2021-Flying-Food-Group-LLC.pdf,,
Royal Lahaina Resort,"October 6, 2021 Royal Lahaina Resort",https://labor.hawaii.gov/wdc/files/2021/10/Royal-Lahaina-Resort-RR-10062021.pdf,,
"Kirby Offshore Marine Hawaii, LLC","October 8, 2021 Kirby Offshore Marine Hawaii, LLC",https://labor.hawaii.gov/wdc/files/2021/10/20211008-WARN-Kirby-Offshore-Marine-Hawaii-LLC.pdf,,
West Maui Resorts Partners LP,"October 11, 2021 West Maui Resorts Partners LP",https://labor.hawaii.gov/wdc/files/2021/10/20211008-WARN-Hawaii-HDWA-Notice-to-DLIR-10.8.21.pdf,,
Hawaii Medical Service Association,"October 26, 2021 Hawaii Medical Service Association",https://labor.hawaii.gov/wdc/files/2022/03/10.26.21-HMSA.pdf,,
Kamehameha Schools,"October 27, 2021 Kamehameha Schools",https://labor.hawaii.gov/wdc/files/2022/03/20211027-WARN-Kamehameha-Schools.pdf,,
"Kai Management Services, LLC","January 14, 2022",https://labor.hawaii.gov/wdc/files/2022/03/01.14.22-Kai-Management-Services-LLC.pdf,,
"Jan-Guard Hawaii, Inc.","January 14, 2022",https://labor.hawaii.gov/wdc/files/2023/03/January-14-2022-Jan-Guard-Hawaii-Inc._Redacted.pdf,,
"Kai Management Services, LLC (Pagoda Hotel)","January 19, 2022",https://labor.hawaii.gov/wdc/files/2023/03/January-19-2022-Kai-Management-Services-LLC-Pagoda-Hotel.pdf,,
Kai Management Services LLC (Pagoda Hotel),"January 28, 2022",https://labor.hawaii.gov/wdc/files/2023/03/January-28-2022-Kai-Management-Services-LLC-Pagoda-Hotel_Redacted.pdf,,
"Foodland Super Market, Limited","March 23, 2022",https://labor.hawaii.gov/wdc/files/2022/03/Foodland-WARN_Redacted-1.pdf,,
Fidelity National Information Services,"March 24, 2022",https://labor.hawaii.gov/wdc/files/2022/03/Fidelity-National.pdf,,
Resort Management Group LLC,"April 22, 2022",https://labor.hawaii.gov/wdc/files/2022/04/RR.pdf,,
Aqua Aston Hospitality,"May 20, 2022",https://labor.hawaii.gov/wdc/files/2022/05/05.20.22-WARN-Aqua-Aston-Hospitality-LLC.pdf,,
"Hawaii Veterinary Hospital, LLC","June 17, 2022",https://labor.hawaii.gov/wdc/files/2022/06/06.17.22-WARN-HI-Veterainary-Hospital-LLC-dba-Petvet-Animal-Hospital.pdf,,
JTB Hawaii Inc.,"August 1, 2022",https://labor.hawaii.gov/wdc/files/2022/08/20220801-WARN-JTB-Hawaii-Inc.pdf,,
Ito Family Holding Corp.,"August 1, 2022",https://labor.hawaii.gov/wdc/files/2022/08/20220801-WARN-Ito-Family-Holdings-Corp.pdf,,
Goodwill Contract Services of Hawaii,"August 2, 2022",https://labor.hawaii.gov/wdc/files/2022/08/08.02.22-Goodwill-Contract-Services-of-Hawaii_Facility-Closure-Notice.pdf,,
McDonald’s Haleiwa,"August 3, 2022",https://labor.hawaii.gov/wdc/files/2023/03/August-3-2022-McDonalds-Haleiwa.pdf,,
McDonald’s Laie,"August 3, 2022",https://labor.hawaii.gov/wdc/files/2023/03/August-3-2022-McDonalds-Laie.pdf,,
McDonald’s Temple Valley,"August 3, 2022",https://labor.hawaii.gov/wdc/files/2023/03/August-3-2022-McDonalds-Temple-Valley.pdf,,
BAE Systems,"August 4, 2022",https://labor.hawaii.gov/wdc/files/2022/08/08.04.22-Agency-Notification-WARN-BAE-Systems.pdf,,
Honolulu Country Club LLC,"August 5, 2022",https://labor.hawaii.gov/wdc/files/2023/03/August-5-2022-Honolulu-Club-LLC_Redacted.pdf,,
Just in Time Foods Windward Inc. ,"August 5, 2022",https://labor.hawaii.gov/wdc/files/2022/08/08.01.22-WARN-McDonalds-Temple-Valley.pdf,,
Just in Time Foods Pacific Inc. ,"August 5, 2022",https://labor.hawaii.gov/wdc/files/2022/08/08.01.22-WARN-McDonalds-Laie.pdf,,
Just In Time Foods Inc. ,"August 5, 2022",https://labor.hawaii.gov/wdc/files/2022/08/08.01.22-WARN-McDonalds-Haleiwa.pdf,,
SAS Airport Services Hawaii Inc,"August 24, 2022",https://labor.hawaii.gov/wdc/files/2023/01/August-22-2022-SAS-Airport-Services-Hawaii-Inc.pdf,,
"SAS Airport Services Hawaii, Inc.","September 12, 2022",https://labor.hawaii.gov/wdc/files/2022/09/20220824-WARN-SAS-Airport-Services-Hawaii-Inc.pdf,,
HPG Corporation,"September 16, 2022",https://labor.hawaii.gov/wdc/files/2023/03/September-16-2022-HPG-Corporation_Redacted.pdf,,
Ekahi Health,"September 29, 2022",https://labor.hawaii.gov/wdc/files/2022/10/06.29.22-Ekahi-Health.pdf,,
Atria Management Company,"October 1, 2022",https://labor.hawaii.gov/wdc/files/2023/01/October-1-2022-Atria-Management-Company.pdf,,
Pharmacare Hawaii,"October 3, 2022",https://labor.hawaii.gov/wdc/files/2023/03/October-3-2022-Pharmacare-Hawaii_Redacted.pdf,,
Atria Senior Living,"October 11, 2022",https://labor.hawaii.gov/wdc/files/2022/10/20221011-WARN-Atria-Management-Company.pdf,,
Paradise Beverages Inc. dba Hawaii Coffee Company,"October 11, 2022",https://labor.hawaii.gov/wdc/files/2023/01/October-11-2022-Paradise-Beverages-Inc.-dba-Hawaii-Coffee-Company.pdf,,
"Paradise Beverages, Inc.","October 14, 2022",https://labor.hawaii.gov/wdc/files/2023/03/October-14-2022-Paradise-Beverages-Inc._Redacted.pdf,,
Scanlan Management LLC dba Jack in the Box Hawaii,"October 14, 2022",https://labor.hawaii.gov/wdc/files/2023/03/October-14-2022-Scanlan-Mgmt-LLC-dba-Jack-in-the-Box-Hawaii.pdf,,
"Sutter Health, Kahi Mohala","October 14, 2022",https://labor.hawaii.gov/wdc/files/2023/01/October-14-2022-Sutter-Health-Kahi-Mohala.pdf,,
Kona Transportation Company Inc,"October 31, 2022",https://labor.hawaii.gov/wdc/files/2023/01/October-31-2022-Kona-Transportation-Company-Inc.-1.pdf,,
Jamba Juice,"November 17, 2022",https://labor.hawaii.gov/wdc/files/2023/01/November-17-2022-Jamba-Juice.pdf,,
"Sutter Health, Kahi Mohala","January 17, 2023",https://labor.hawaii.gov/wdc/files/2023/01/January-17-2023-Sutter-Health-Kahi-Mohala.pdf,,
Far East Hoken Group Inc.,"February 13, 2023",https://labor.hawaii.gov/wdc/files/2023/02/WARN-Far-East-Hoken-Group-Inc_02-16-23._Redacted.pdf,,
FedEx Ground,"March 3, 2023",https://labor.hawaii.gov/wdc/files/2023/03/March-3-2023-FedEx-Ground.pdf,,
Waikiki Malia by Outrigger,"March 6, 2023",https://labor.hawaii.gov/wdc/files/2023/03/March-6-2023-Waikiki-Malia-by-Outrigger.pdf,,
Walmart Store 3149,"March 23, 2023",https://labor.hawaii.gov/wdc/files/2023/03/March-23-2023-Walmart-Store-3149.pdf,,
"KCP Plumbing Holdings Acquisition Sub, LLC dba Steves Plumbing and AC Service","April 3, 2023",https://labor.hawaii.gov/wdc/files/2023/04/April-3-2023-KCP-Plumbing-Holdings-Acquisition-Sub-LLC-dba-Steves-Plumbing-and-AC-Service.pdf,,
"Sutter Health, Kahi Mohala – Transition Cancelled","April 4, 2023",https://labor.hawaii.gov/wdc/files/2023/04/April-4-2023-Sutter-Health-Kahi-Mohala-Transition-Cancelled.pdf,,
"Niko’s Yard and Hauling Service, LLC","May 10, 2023",https://labor.hawaii.gov/wdc/files/2023/05/May-10-2023-Nikos-Yard-and-Hauling-Service-LLC_Redacted.pdf,,
"Orthopedic Associates of Hawaii, LLP","May 19, 2023",https://labor.hawaii.gov/wdc/files/2023/06/May-19-2023-Orthopedic-Associates-of-Hawaii-LLP.pdf,,
Ka’anapali Beach Hotel and The Plantation Inn ,"May 23, 2023",https://labor.hawaii.gov/wdc/files/2023/06/May-23-2023-Kaanapali-Beach-Hotel-and-The-Plantation-Inn-redacted.pdf,,
"Aloha Auto Group, Ltd","May 30, 2023",https://labor.hawaii.gov/wdc/files/2023/06/May-30-2023-Aloha-Auto-Group-Ltd.pdf,,
Los Angeles Times,"June 7, 2023",https://labor.hawaii.gov/wdc/files/2023/06/Los-Angeles-Times.pdf,,
"BWRD, LLC","June 15, 2023",https://labor.hawaii.gov/wdc/files/2023/06/June-15-2023-BWRD-LLC_Redacted.pdf,,
KBR Manager LLC dba Kauai Beach Resort & Spa,"June 22, 2023",https://labor.hawaii.gov/wdc/files/2023/06/June-22-2023-KBR-Manager-LLC-dba-Kauai-Beach-Resort-Spa.pdf,,
"Island Distributing, LLC","June 28, 2023",https://labor.hawaii.gov/wdc/files/2023/07/June-28-2023-Island-Distributing-LLC.pdf,,
"PBS West, LLC","July 7, 2023",https://labor.hawaii.gov/wdc/files/2023/08/July-7-2023-PBS-West-LLC.pdf,,
"Dust-Tex Honolulu, Inc.","August 1, 2023",https://labor.hawaii.gov/wdc/files/2023/08/August-1-2023-Dust-Tex-Honolulu-Inc.pdf,,
"Hakuyosha International, Inc.","August 1, 2023",https://labor.hawaii.gov/wdc/files/2023/08/August-1-2023-Hakuyosha-International-Inc.pdf,,
FedEx Ground,"August 4, 2023",https://labor.hawaii.gov/wdc/files/2023/09/August-4-2023-FedEx-Ground.pdf,,
Maui Linen Supply LLC,"August 25, 2023",https://labor.hawaii.gov/wdc/files/2023/08/August-25-2023-Maui-Linen-Supply-LLC.pdf,,
"J/R Motors 818 Kapiolani, LLC dba Mercedes-Benz of Honolulu","September 15, 2023",https://labor.hawaii.gov/wdc/files/2023/09/DWA-Notice-to-DLIR-J_R-Motors-818-Kapiolani-LLC-CS-00000002.pdf,,
Aqua Aston Hospitality,"November 3, 2023",https://labor.hawaii.gov/wdc/files/2023/11/November-3-2023-Aqua-Aston-Hospitality.pdf,,
"Apple Store, Royal Hawaiian","November 17, 2023",https://labor.hawaii.gov/wdc/files/2023/11/November-17-2023-Apple-Store-Royal-Hawaiian.pdf,,
"National Vision, Inc.","December 15, 2023",https://labor.hawaii.gov/wdc/files/2023/12/December-15-2023-National-Vision-Inc.pdf,,
Springboard Hospitality,"December 22, 2023",https://labor.hawaii.gov/wdc/files/2024/01/December-22-2023-Springboard-Hospitality.pdf,,
